channel_id,channel_title,channel_description,channel_published_at,country,subscriber_count,view_count,video_count,uploads_playlist_id,keywords,topic_categories
UCoRpKmC6a-DdEa1ohxlCgUA,ANI Bharat,"50 साल पहले स्थापित, ANI आज दक्षिण एशिया की अग्रणी मल्टीमीडिया समाचार एजेंसी है, जिसके भारत, दक्षिण एशिया और दुनिया भर में 100 से अधिक ब्यूरो हैं।

☛ Subscribe to ANI News YouTube channel: https://bit.ly/2UV4ygi
☛ Visit our Official website: https://www.aninews.in/
☛ Follow ANI on X: https://twitter.com/ANI 
☛ Follow us on Snapchat: https://www.snapchat.com/@ani-news
☛ Like us: https://www.facebook.com/ANINEWS.IN
☛ Instagram: https://www.instagram.com/ani_trending/ , https://www.instagram.com/podcast_ani/?hl=en
☛ Email to: anicontent@aniin.com, internetani@aniin.com
☛ Copyrights © All Rights Reserved ANI Media Pvt Ltd.
",2016-05-13T06:04:19Z,IN,1330000,442097126,65408,UUoRpKmC6a-DdEa1ohxlCgUA,"news ""latest news"" ""news today"" ""today news"" ani ""ani news"" ""news latest"" ""news hindi"" ""top news"" ""big news"" ""hindi news"" ""latest news in hindi"" ""hindi latest news"" khabar ""breaking news"" ""hindi news today"" ""morning news"" ""fast news"" ""ani latest news"" ""news india"" ""aaj ki khabar""","https://en.wikipedia.org/wiki/Politics,https://en.wikipedia.org/wiki/Society"
