,,,,,,,,,,,
Insurance Agent ,,,,,,,,,,,Managed by : Rahul Das
,,,,,,,,,,,
,,,,,,,,,,,
Agent Code,Sales Agent,Agent Mail,State,,,,,,,,
AGT-3894,Dhanush Sarraf,DhanushSarraf@Trusecure.com,Maharashtra,,,,,,,,
AGT-4594,Dishani Boman,DishaniBoman@Trusecure.com,Goa,,,,,,,,
AGT-2941,Samar Gokhale,SamarGokhale@Trusecure.com,Himachal Pradesh,,,,,,,,
AGT-1909,Samarth Wagle,SamarthWagle@Trusecure.com,Orissa,,,,,,,,
AGT-1465,Raunak Johal,RaunakJohal@Trusecure.com,Gujarath,,,,,,,,
AGT-1498,Faiyaz Kothari,FaiyazKothari@Trusecure.com,Telangana,,,,,,,,
AGT-1800,Tanya Shetty,TanyaShetty@Trusecure.com,Karnataka,,,,,,,,
AGT-1900,Jiya Kumer,JiyaKumer@Trusecure.com,West Bengal,,,,,,,,
AGT-2109,Bhavin Thaman,BhavinThaman@Trusecure.com,Assam,,,,,,,,
AGT-3150,Sara Chatterjee,SaraChatterjee@Trusecure.com,Haryana,,,,,,,,
AGT-4509,Devansh Choudhury,DevanshChoudhury@Trusecure.com,Andhra Pradesh,,,,,,,,
AGT-4980,Jayesh Jain,JayeshJain@Trusecure.com,Kerala,,,,,,,,
AGT-5980,Ravi Chandran,RaviChandran@Trusecure.com,Tamilnadu,,,,,,,,
AGT-5945,Sahil Krishnamurthy,SahilKrishnamurthy@Trusecure.com,Jharkhand,,,,,,,,
AGT-2345,Kartik Sunder,KartikSunder@Trusecure.com,Madhya Pradesh,,,,,,,,
AGT-3465,Adah Rout,AdahRout@Trusecure.com,Rajasthan,,,,,,,,
AGT-3488,Biju Issac,BijuIssac@Trusecure.com,Sikkim,,,,,,,,
AGT-3567,Divij Malhotra,DivijMalhotra@Trusecure.com,Uttar Pradesh,,,,,,,,
AGT-6578,Baiju Singh,BaijuSingh@Trusecure.com,Delhi,,,,,,,,
AGT-7898,Navya Goel,NavyaGoel@Trusecure.com,Uttarakhand,,,,,,,,
AGT-5467,Thushar Kumar,ThusharKumar@Trusecure.com,Chandigarh,,,,,,,,
AGT-4456,Ishan Roy,IshanRoy@Trusecure.com,Bihar,,,,,,,,
